{
  "core/src/engine.ts": 1776439221.4240012,
  "core/src/types.ts": 1776439113.9787838,
  "core/src/index.ts": 1776439221.4241347,
  "core/src/config.ts": 1776439113.97896,
  "core/src/analyzers/hallucination-detector.ts": 1776439221.4234338,
  "core/src/analyzers/security-analyzer.ts": 1776439221.423602,
  "core/src/parser/ast-parser.ts": 1776439113.979318,
  "core/src/scorer/heuristic-scorer.ts": 1776439221.4230509,
  "core/src/report/report-generator.ts": 1776439221.4237423,
  "core/src/report/terminal-formatter.ts": 1776449342.2625275,
  "frontend/vite.config.ts": 1776438443.868568,
  "frontend/src/App.tsx": 1776438443.8688452,
  "frontend/src/main.tsx": 1776438443.8687165,
  "frontend/src/types/index.ts": 1776438443.8689895,
  "frontend/src/components/ParticleAnimation.tsx": 1776451717.9685311,
  "frontend/src/components/Navbar.tsx": 1776453324.5603366,
  "frontend/src/components/ProtectedRoute.tsx": 1776438443.869382,
  "frontend/src/components/SeverityBadge.tsx": 1776438443.8696146,
  "frontend/src/components/Terminal.tsx": 1776438443.8699956,
  "frontend/src/components/ScrollStroke.tsx": 1776452242.6701467,
  "frontend/src/components/HubDiagram.tsx": 1776453236.885422,
  "frontend/src/components/ReportView.tsx": 1776438443.8701446,
  "frontend/src/components/ScoreGauge.tsx": 1776438563.7328148,
  "frontend/src/components/GridBackground.tsx": 1776450733.476815,
  "frontend/src/components/CodeBlock.tsx": 1776438443.8698578,
  "frontend/src/hooks/useAuth.ts": 1776438443.86926,
  "frontend/src/pages/Login.tsx": 1776438443.8708096,
  "frontend/src/pages/Dashboard.tsx": 1776438443.8704288,
  "frontend/src/pages/Register.tsx": 1776438443.8709395,
  "frontend/src/pages/ScanPage.tsx": 1776438443.8705602,
  "frontend/src/pages/ReportPage.tsx": 1776438443.8706827,
  "frontend/src/pages/Landing.tsx": 1776453309.1013508,
  "frontend/src/services/mockData.ts": 1776438443.8691366,
  "cli/tsup.config.ts": 1776440314.971521,
  "cli/src/index.ts": 1776440314.9717076,
  "cli/src/utils/colors.ts": 1776449282.227326,
  "cli/src/utils/banner.ts": 1776449303.8538723,
  "cli/src/utils/file-filter.ts": 1776439270.9594085,
  "cli/src/utils/terminal.ts": 1776449305.8679025,
  "cli/src/utils/git.ts": 1776439270.9595132,
  "cli/src/commands/init.ts": 1776439270.9591665,
  "cli/src/commands/scan.ts": 1776439270.958937,
  "cli/src/commands/uninstall.ts": 1776439270.959275,
  "cli/src/commands/menu.ts": 1776449320.3491433,
  "cli/src/commands/check.ts": 1776439270.9590535,
  "docs/SYSTEM_DESIGN.md": 1776446351.8761802,
  "docs/UML_DIAGRAMS.md": 1776446351.8761938,
  "docs/TECH_STACK.md": 1776446351.8757372,
  "docs/IMPLEMENTATION_PLAN.md": 1776446351.8757164,
  "cli/README.md": 1776446351.8757272,
  "docs/athena_synopsis_v3.pdf": 1776437700.3668435
}